"Algorithm","Hash","Path"
"SHA256","FA0CA78E4CAE0AB980CC1D4D775BD0A29BC6179768595EA71500BC4F915C4F7E","C:\Users\andre\Downloads\LastEpoch-Mods\medick_TerribleTooltips\medick_TerribleTooltips\src\AaronsHouse.cs"
"SHA256","46BD76CA928FEE50580793B0EA5619DDFC70858A9DB518D71F1E557718454A6D","C:\Users\andre\Downloads\LastEpoch-Mods\medick_TerribleTooltips\medick_TerribleTooltips\src\AffixInjector.cs"
"SHA256","C505474B58AE555015F90F34150E110CBB93992DE3D18C11BF1AF3CC83235F6F","C:\Users\andre\Downloads\LastEpoch-Mods\medick_TerribleTooltips\medick_TerribleTooltips\src\BuildInfo.cs"
"SHA256","83C867B6C40EDB8107C30D8647B2321AEF887567AB024D954000A8C24B31B8B0","C:\Users\andre\Downloads\LastEpoch-Mods\medick_TerribleTooltips\medick_TerribleTooltips\src\Colors.cs"
"SHA256","77310F5E491A9F4451624400144CD4632BFD7D28767B1E3B1F11645BB3B0AB0E","C:\Users\andre\Downloads\LastEpoch-Mods\medick_TerribleTooltips\medick_TerribleTooltips\src\FilterRuleTooltip.cs"
"SHA256","264431615790EAC1087C13794726DACC8D0DBFF255AD652FBBE114930DEC1CF0","C:\Users\andre\Downloads\LastEpoch-Mods\medick_TerribleTooltips\medick_TerribleTooltips\src\GroundLabels.cs"
"SHA256","6A384D4268D5C6A320E1E1D77EA523C3AA756B352A563902B4ECD6F1FB2DD7DE","C:\Users\andre\Downloads\LastEpoch-Mods\medick_TerribleTooltips\medick_TerribleTooltips\src\NativeSettings.cs"
"SHA256","5DDA945C9CF5C0A6185D7497A934526C7DEC311308420FDBCB6B5D28AD66ECC5","C:\Users\andre\Downloads\LastEpoch-Mods\medick_TerribleTooltips\medick_TerribleTooltips\src\Prefs.cs"
"SHA256","4A86B97F9A9F84B9E2EED0F99C62C2C5AF0DFEBFBAEFF0B4084C64AB0C97F517","C:\Users\andre\Downloads\LastEpoch-Mods\medick_TerribleTooltips\medick_TerribleTooltips\src\SettingsUi.cs"
"SHA256","CBCFA76572A635DE4B856D5AF96F4F335AA7C7701C09AEADB7AC0C6437BEB187","C:\Users\andre\Downloads\LastEpoch-Mods\medick_TerribleTooltips\medick_TerribleTooltips\src\TerribleTooltipsApi.cs"
"SHA256","7B1923E7B64D78E9365F0B35A1B5F96E81053ED279995B8B947B4D28A29AD2BE","C:\Users\andre\Downloads\LastEpoch-Mods\medick_TerribleTooltips\medick_TerribleTooltips\src\TerribleTooltipsMod.cs"
"SHA256","64F764AD7D248AA858FFA80E7CD4E173B2906061D088490406D32492DC1444ED","C:\Users\andre\Downloads\LastEpoch-Mods\medick_TerribleTooltips\medick_TerribleTooltips\src\TooltipRecolor.cs"
"SHA256","27F8040C02F375D58DDB08EF8AB55EC0D201B736F5CA2C83B375C7A17BF74AE6","C:\Users\andre\Downloads\LastEpoch-Mods\medick_TerribleTooltips\medick_TerribleTooltips\src\UnitBorder.cs"
