encounter_id,display_name,kind,variants,parent_or_followup,location,availability,damage_status_after_factcheck,identity_confidence,factcheck_note,unresolved_fields
abomination,Abomination,timeline_boss,"normal area 62; empowered difficulty listed, empowered area level not re-confirmed except where an NPC page states it",followed by Harbinger of Defilement,"The Altar of Flesh, Fall of the Outcasts",Quest 3. Stability 240 / 800.,unknown. Preview arrays are not live 1.5.1 coverage.,high for the pairing on the preview table; medium for live 1.5.1,"Pairing, level, stability, and quest 3 zone re-fetched 2026-10-02 from Tunklab 1.5 preview. Not a 1.5.1 dump.","Per-attack elements, corruption minimum for the follow-up Harbinger, empowered area level, localized killer string."
harbinger-defilement,Harbinger of Defilement,harbinger,same actor name at normal and empowered difficulty in the preview table,follows Abomination. Inherited move list not re-verified for 1.5.1.,"The Altar of Flesh, after the timeline boss, Fall of the Outcasts",Crest and corruption minimum not re-confirmed for 1.5.1.,unknown. Do not copy the parent damage list.,high for the name pairing on the preview table; medium for live spawn rules,Follow-up name re-fetched on the timelines index. Kit elements and the 1.5 Agile fire-laser assignment were not confirmed from a readable 1.5 note body.,"Corruption minimum, which absorbed abilities remain, localized name, per-attack elements."
god-hunter-argentus,God Hunter Argentus,timeline_boss,"normal area 66; empowered difficulty listed, empowered area level not re-confirmed except where an NPC page states it",followed by Harbinger of Pride,"Argentum Spire, The Stolen Lance",Quest 3. Stability 250 / 800.,unknown. Preview arrays are not live 1.5.1 coverage.,high for the pairing on the preview table; medium for live 1.5.1,"Pairing, level, stability, and quest 3 zone re-fetched 2026-10-02 from Tunklab 1.5 preview. Not a 1.5.1 dump.","Per-attack elements, corruption minimum for the follow-up Harbinger, empowered area level, localized killer string."
harbinger-pride,Harbinger of Pride,harbinger,same actor name at normal and empowered difficulty in the preview table,follows God Hunter Argentus. Inherited move list not re-verified for 1.5.1.,"Argentum Spire, after the timeline boss, The Stolen Lance",Crest and corruption minimum not re-confirmed for 1.5.1.,unknown. Do not copy the parent damage list.,high for the name pairing on the preview table; medium for live spawn rules,Follow-up name re-fetched on the timelines index. Kit elements and the 1.5 Agile fire-laser assignment were not confirmed from a readable 1.5 note body.,"Corruption minimum, which absorbed abilities remain, localized name, per-attack elements."
rahyeh-the-black-sun,"Rahyeh, The Black Sun",timeline_boss,"normal area 70; empowered difficulty listed, empowered area level not re-confirmed except where an NPC page states it",followed by Harbinger of Hatred,"The Ruins of Solarum, The Black Sun",Quest 3. Stability 250 / 800.,unknown. Preview arrays are not live 1.5.1 coverage.,high for the pairing on the preview table; medium for live 1.5.1,"Pairing, level, stability, and quest 3 zone re-fetched 2026-10-02 from Tunklab 1.5 preview. Not a 1.5.1 dump.","Per-attack elements, corruption minimum for the follow-up Harbinger, empowered area level, localized killer string."
harbinger-hatred,Harbinger of Hatred,harbinger,same actor name at normal and empowered difficulty in the preview table,"follows Rahyeh, The Black Sun. Inherited move list not re-verified for 1.5.1.","The Ruins of Solarum, after the timeline boss, The Black Sun",Crest and corruption minimum not re-confirmed for 1.5.1.,unknown. Do not copy the parent damage list.,high for the name pairing on the preview table; medium for live spawn rules,Follow-up name re-fetched on the timelines index. Kit elements and the 1.5 Agile fire-laser assignment were not confirmed from a readable 1.5 note body.,"Corruption minimum, which absorbed abilities remain, localized name, per-attack elements."
frost-lich-formosus,Frost Lich Formosus,timeline_boss,"normal area 74; empowered difficulty listed, empowered area level not re-confirmed except where an NPC page states it",followed by Harbinger of War,"The Lair of Formosus, Blood, Frost, and Death",Quest 3. Stability 300 / 800.,unknown. Preview arrays are not live 1.5.1 coverage.,high for the pairing on the preview table; medium for live 1.5.1,"Pairing, level, stability, and quest 3 zone re-fetched 2026-10-02 from Tunklab 1.5 preview. Not a 1.5.1 dump.","Per-attack elements, corruption minimum for the follow-up Harbinger, empowered area level, localized killer string."
harbinger-war,Harbinger of War,harbinger,same actor name at normal and empowered difficulty in the preview table,follows Frost Lich Formosus. Inherited move list not re-verified for 1.5.1.,"The Lair of Formosus, after the timeline boss, Blood, Frost, and Death",Crest and corruption minimum not re-confirmed for 1.5.1.,unknown. Do not copy the parent damage list.,high for the name pairing on the preview table; medium for live spawn rules,Follow-up name re-fetched on the timelines index. Kit elements and the 1.5 Agile fire-laser assignment were not confirmed from a readable 1.5 note body.,"Corruption minimum, which absorbed abilities remain, localized name, per-attack elements."
lagon-monolith,"Lagon, God of Storms",timeline_boss,"normal area 78; empowered difficulty listed, empowered area level not re-confirmed except where an NPC page states it",followed by Harbinger of Chaos,"Eye of the Storm, Ending the Storm",Quest 3. Stability 320 / 850.,unknown. Preview arrays are not live 1.5.1 coverage.,high for the pairing on the preview table; medium for live 1.5.1,"Pairing, level, stability, and quest 3 zone re-fetched 2026-10-02 from Tunklab 1.5 preview. Not a 1.5.1 dump.","Per-attack elements, corruption minimum for the follow-up Harbinger, empowered area level, localized killer string."
harbinger-chaos,Harbinger of Chaos,harbinger,same actor name at normal and empowered difficulty in the preview table,"follows Lagon, God of Storms. Inherited move list not re-verified for 1.5.1.","Eye of the Storm, after the timeline boss, Ending the Storm",Crest and corruption minimum not re-confirmed for 1.5.1.,unknown. Do not copy the parent damage list.,high for the name pairing on the preview table; medium for live spawn rules,Follow-up name re-fetched on the timelines index. Kit elements and the 1.5 Agile fire-laser assignment were not confirmed from a readable 1.5 note body.,"Corruption minimum, which absorbed abilities remain, localized name, per-attack elements."
hartons-husk,Harton's Husk,timeline_boss,"normal area 82; empowered difficulty listed, empowered area level not re-confirmed except where an NPC page states it",followed by Harbinger of Treason,"Dreadnought's Wreckage, Fall of the Empire",Quest 3. Stability 320 / 850.,unknown. Preview arrays are not live 1.5.1 coverage.,high for the pairing on the preview table; medium for live 1.5.1,"Pairing, level, stability, and quest 3 zone re-fetched 2026-10-02 from Tunklab 1.5 preview. Not a 1.5.1 dump.","Per-attack elements, corruption minimum for the follow-up Harbinger, empowered area level, localized killer string."
harbinger-treason,Harbinger of Treason,harbinger,same actor name at normal and empowered difficulty in the preview table,follows Harton's Husk. Inherited move list not re-verified for 1.5.1.,"Dreadnought's Wreckage, after the timeline boss, Fall of the Empire",Crest and corruption minimum not re-confirmed for 1.5.1.,unknown. Do not copy the parent damage list.,high for the name pairing on the preview table; medium for live spawn rules,Follow-up name re-fetched on the timelines index. Kit elements and the 1.5 Agile fire-laser assignment were not confirmed from a readable 1.5 note body.,"Corruption minimum, which absorbed abilities remain, localized name, per-attack elements."
emperor-of-corpses,Emperor of Corpses,timeline_boss,"normal area 85; empowered difficulty listed, empowered area level not re-confirmed except where an NPC page states it",followed by Harbinger of Destruction,"The Rotting Hoard, Reign of Dragons",Quest 3. Stability 400 / 850.,unknown. Preview arrays are not live 1.5.1 coverage.,high for the pairing on the preview table; medium for live 1.5.1,"Pairing, level, stability, and quest 3 zone re-fetched 2026-10-02 from Tunklab 1.5 preview. Not a 1.5.1 dump.","Per-attack elements, corruption minimum for the follow-up Harbinger, empowered area level, localized killer string."
harbinger-destruction,Harbinger of Destruction,harbinger,same actor name at normal and empowered difficulty in the preview table,follows Emperor of Corpses. Inherited move list not re-verified for 1.5.1.,"The Rotting Hoard, after the timeline boss, Reign of Dragons",Crest and corruption minimum not re-confirmed for 1.5.1.,unknown. Do not copy the parent damage list.,high for the name pairing on the preview table; medium for live spawn rules,Follow-up name re-fetched on the timelines index. Kit elements and the 1.5 Agile fire-laser assignment were not confirmed from a readable 1.5 note body.,"Corruption minimum, which absorbed abilities remain, localized name, per-attack elements."
husk-of-elder-gaspar,The Husk of Elder Gaspar,timeline_boss,"normal area 90; empowered difficulty listed, empowered area level not re-confirmed except where an NPC page states it",followed by Harbinger of Fear,"The Chambers of Ruin, The Last Ruin",Quest 3. Stability 400 / 900.,unknown. Preview arrays are not live 1.5.1 coverage.,high for the pairing on the preview table; medium for live 1.5.1,"Pairing, level, stability, and quest 3 zone re-fetched 2026-10-02 from Tunklab 1.5 preview. Not a 1.5.1 dump.","Per-attack elements, corruption minimum for the follow-up Harbinger, empowered area level, localized killer string."
harbinger-fear,Harbinger of Fear,harbinger,same actor name at normal and empowered difficulty in the preview table,follows The Husk of Elder Gaspar. Inherited move list not re-verified for 1.5.1.,"The Chambers of Ruin, after the timeline boss, The Last Ruin",Crest and corruption minimum not re-confirmed for 1.5.1.,unknown. Do not copy the parent damage list.,high for the name pairing on the preview table; medium for live spawn rules,Follow-up name re-fetched on the timelines index. Kit elements and the 1.5 Agile fire-laser assignment were not confirmed from a readable 1.5 note body.,"Corruption minimum, which absorbed abilities remain, localized name, per-attack elements."
heorot-monolith,Heorot,timeline_boss,"normal area 90; empowered difficulty listed, empowered area level not re-confirmed except where an NPC page states it",followed by Harbinger of Tyranny,"The Frozen Citadel, The Age of Winter",Quest 3. Stability 400 / 900.,unknown. Preview arrays are not live 1.5.1 coverage.,high for the pairing on the preview table; medium for live 1.5.1,"Pairing, level, stability, and quest 3 zone re-fetched 2026-10-02 from Tunklab 1.5 preview. Not a 1.5.1 dump.","Per-attack elements, corruption minimum for the follow-up Harbinger, empowered area level, localized killer string."
harbinger-tyranny,Harbinger of Tyranny,harbinger,same actor name at normal and empowered difficulty in the preview table,follows Heorot. Inherited move list not re-verified for 1.5.1.,"The Frozen Citadel, after the timeline boss, The Age of Winter",Crest and corruption minimum not re-confirmed for 1.5.1.,unknown. Do not copy the parent damage list.,high for the name pairing on the preview table; medium for live spawn rules,Follow-up name re-fetched on the timelines index. Kit elements and the 1.5 Agile fire-laser assignment were not confirmed from a readable 1.5 note body.,"Corruption minimum, which absorbed abilities remain, localized name, per-attack elements."
volcanic-shaman,Volcanic Shaman,timeline_boss,"normal area 90; empowered difficulty listed, empowered area level not re-confirmed except where an NPC page states it",followed by Harbinger of Ash,"The Caldera of Souls, Spirits of Fire",Quest 3. Stability 400 / 900.,unknown. Preview arrays are not live 1.5.1 coverage.,high for the pairing on the preview table; medium for live 1.5.1,"Pairing, level, stability, and quest 3 zone re-fetched 2026-10-02 from Tunklab 1.5 preview. Not a 1.5.1 dump.","Per-attack elements, corruption minimum for the follow-up Harbinger, empowered area level, localized killer string."
harbinger-ash,Harbinger of Ash,harbinger,same actor name at normal and empowered difficulty in the preview table,follows Volcanic Shaman. Inherited move list not re-verified for 1.5.1.,"The Caldera of Souls, after the timeline boss, Spirits of Fire",Crest and corruption minimum not re-confirmed for 1.5.1.,unknown. Do not copy the parent damage list.,high for the name pairing on the preview table; medium for live spawn rules,Follow-up name re-fetched on the timelines index. Kit elements and the 1.5 Agile fire-laser assignment were not confirmed from a readable 1.5 note body.,"Corruption minimum, which absorbed abilities remain, localized name, per-attack elements."
lagon-campaign,"Lagon, God of Storms",campaign_boss,"campaign actor, level 53 in the preview bundle",same display name as monolith Lagon; not followed by a Harbinger,Seafloor Colosseum in lane 1; bundle zone token G120 re-read,Campaign.,unknown,medium,Display-name collision re-read in the bundle. The player-facing zone string Seafloor Colosseum was not re-opened.,"Localized zone, whether the 0.9.2 tentacle rule is unchanged in 1.5.1."
lagons-tentacle,Lagon's Tentacle,proxy,campaign and monolith arenas,"add of Lagon, not a boss profile",not re-listed as a zone in this pass,During Lagon fights.,unknown,medium,Name collision with the boss display string was re-read. Zone list was not.,Which string the death report uses.
julra,Chronomancer Julra,dungeon_boss,tiers exist on the preview dungeon page; tier area levels were not re-copied as live 1.5.1,Temporal Sanctum only. No Harbinger parent.,Temporal Sanctum. Floor 3 on the page is The Sanctum Archive.,Dungeon key.,"datamined encounter coverage Void, Cold, Lightning. Per-ability unknown.",high for the name and the three-type line on the preview page,Shift wording and the three damage types were re-fetched. Internal id VoidNagasaBoss was seen in the bundle and is not damage evidence.,"Tier numbers versus 1.5.1, per-attack map, pillar and fountain killers."
herald-of-oblivion,Herald of Oblivion,pinnacle,Uber Aberroth subtitle on the preview page. Separate from altar Aberroth.,"Defended by Harbinger of Regret at phase 2 and Harbinger of Denial at phase 4, per the preview page.",Threshold of Eternity,Woven echo. Minimum corruption was not re-read on the echo page in this pass.,unknown,low for the localized killer string; high that the page uses both names,Name conflict stands. Do not pick Herald of Oblivion or Uber Aberroth as the only live string.,"Localized killer string, 500 corruption gate, whether skill numbers match altar Aberroth."
aberroth,Aberroth,pinnacle,altar fight in the 2024 design. Not the uber actor.,"after the ten timeline Harbingers in the 2024 design, not restated in readable 1.5 text",Harbinger's Domain in the 2024 post. Preview zone name not re-opened.,Eye and ten-Harbinger gate are historical.,unknown,medium for the 2024 name; low for the current gate,Do not treat the 2024 gate as confirmed for 1.5.1.,"Current gate, player-facing zone, invisible add killer string."
harbinger-regret,Harbinger of Regret,harbinger_add,"uber add, phase 2",defends Herald of Oblivion on the preview page,Threshold of Eternity,Inside the uber echo.,unknown. Shared kit not promoted.,high for the name on that page,Not one of the ten timeline Harbingers.,"Elements, whether the immunity sentence is still live."
harbinger-denial,Harbinger of Denial,harbinger_add,"uber add, phase 4",defends Herald of Oblivion on the preview page,Threshold of Eternity,Inside the uber echo.,unknown. Shared kit not promoted.,high for the name on that page,Not one of the ten timeline Harbingers.,"Elements, whether the immunity sentence is still live."
harbinger-cruelty,Harbinger of Cruelty,harbinger_add,pre-Aberroth actor in lane 1,"Aberroth altar fight, not a timeline Harbinger",not re-opened,Spawn flag conflict reported by lane 1 and not re-checked.,unknown,low,Not independently re-fetched.,"Spawn flag, phase, elements."
harbinger-brutality,Harbinger of Brutality,harbinger_add,pre-Aberroth actor in lane 1,"Aberroth altar fight, not a timeline Harbinger",not re-opened,Spawn flag conflict reported by lane 1 and not re-checked.,unknown,low,Not independently re-fetched.,"Spawn flag, phase, elements."
god-of-bloodshed,God of Bloodshed,pinnacle,Pinnacle Morditas,follows a Morditas kill via Demigod's Ascendance,Demigod's Ascendance. Zone code not re-opened.,400 corruption. No corruption scaling. Legacy and Offline in 1.5.1.,unknown. Ailment chances from lane 1 were not re-read and are not a damage table.,high for the EHG names and rules,Two names are official. Internal id MorditasBossPinnacle was not re-fetched.,"Attack elements, Anger interaction, localized zone."
morditas,Morditas,seasonal_boss,Circle of Frozen Blood in lane 1. Kill count not re-opened.,"parent of the God of Bloodshed echo drop, per EHG's sequence",not re-opened,Seasonal woven echo after Rage of Morditas progress.,unknown,high for the name,Familiar foes in the announcement are not a boss roster.,"Attack elements, exact kill count, Anger coefficients."
yrun-champion-of-morditas,"Yrun, Champion of Morditas",seasonal_boss,Blood of Farwood in lane 1,not the campaign Frostroot Warden,not re-opened,Seasonal echo. Kill count not re-opened.,unknown,medium,The 1.5.1 note body that lane 1 cites for a Dreamslash fix was not readable. Do not treat that fix as confirmed here.,"Elements, shared moves with campaign Yrun, Anger."
yrun-frostroot,Yrun,campaign_boss,The Frostroot Warden in lane 1,"not Yrun, Champion of Morditas","The Tomb of Morditas in lane 1, not re-opened",Campaign.,unknown,medium,Name collision is asserted so the profiles stay split. The page was not re-fetched.,"Shared moves, echo spawns."
shade-of-morditas,Shade of Morditas,event_actor,non-corporeal follower in the EHG post,"Rage of Morditas random encounter, not the boss chain","Campaign from Chapter 2 and echoes, at a Blood Crystal, per the announcement",Starts when the crystal is used.,unknown if it can kill,low,Follower text confirmed. Killer capability unknown.,"Actor id, whether a death can name it."
site-of-carnage,Site of Carnage,seasonal_wave,wave echo in lane 1,"first Morditas-chain echo, no single boss confirmed",not re-opened,Kill count not re-opened.,unknown,low,Do not invent a boss profile for the wave echo.,Miniboss nameplates.
mountain-beneath,The Mountain Beneath,dungeon_boss,see fact-check note,Lightless Arbor dungeon boss in lane 1. Damage-type line not re-fetched.,not re-opened unless the note names a page,see unresolved fields,unknown,medium,Lightless Arbor dungeon boss in lane 1. Damage-type line not re-fetched.,"Physical and Poison coverage from lane 1 was not re-fetched, so coverage stays unknown."
stone-titans-heart,Stone Titan's Heart,dungeon_boss,see fact-check note,Second Lightless Arbor actor in lane 1. 1.5 spawn bugfix was inside the unreadable note body.,not re-opened unless the note names a page,see unresolved fields,unknown,medium,Second Lightless Arbor actor in lane 1. 1.5 spawn bugfix was inside the unreadable note body.,No damage types confirmed.
fire-lich-cremorus,Fire Lich Cremorus,dungeon_boss,see fact-check note,Soulfire Bastion boss in lane 1. Fire and Necrotic coverage was not re-fetched.,not re-opened unless the note names a page,see unresolved fields,unknown,medium,Soulfire Bastion boss in lane 1. Fire and Necrotic coverage was not re-fetched.,Coverage stays unknown until the dungeon page is re-read.
majasa-phase-1,Majasa,campaign_boss,see fact-check note,Campaign Majasa phase 1 in lane 1. Not re-opened. Same display name as phase 2.,not re-opened unless the note names a page,see unresolved fields,unknown,medium,Campaign Majasa phase 1 in lane 1. Not re-opened. Same display name as phase 2.,Do not merge with Tomb of Vessels.
majasa-phase-2,Majasa,campaign_boss,see fact-check note,"Campaign phase 2, same display name. Not re-opened.",not re-opened unless the note names a page,see unresolved fields,unknown,medium,"Campaign phase 2, same display name. Not re-opened.",Killer string collision with phase 1.
goddess-of-the-sands,Goddess of the Sands,woven_boss,see fact-check note,Tomb of Vessels phase in lane 1. Not re-opened. Objective text was not re-read.,not re-opened unless the note names a page,see unresolved fields,unknown,medium,Tomb of Vessels phase in lane 1. Not re-opened. Objective text was not re-read.,Not campaign Majasa.
goddess-of-blood,Goddess of Blood,woven_boss,see fact-check note,Tomb of Vessels phase 2 in lane 1. Not re-opened.,not re-opened unless the note names a page,see unresolved fields,unknown,medium,Tomb of Vessels phase 2 in lane 1. Not re-opened.,Not campaign phase 2.
emperors-remains,Emperor's Remains,campaign_boss,see fact-check note,"0.9 performance notes mention Void Rifts used by the Emperor's Remains, separate from Emperor of Corpses Soul Bomb.",not re-opened unless the note names a page,see unresolved fields,unknown,medium,"0.9 performance notes mention Void Rifts used by the Emperor's Remains, separate from Emperor of Corpses Soul Bomb.",Not Emperor of Corpses.
admiral-harton,Admiral Harton,campaign_boss,see fact-check note,Not Harton's Husk. NPC page not re-opened. 0.9i mentions Admiral Harton voice lines.,not re-opened unless the note names a page,see unresolved fields,unknown,low,Not Harton's Husk. NPC page not re-opened. 0.9i mentions Admiral Harton voice lines.,Second summit actor in lane 1 was not re-opened.
admiral-harton-summit,Admiral Harton,campaign_boss,see fact-check note,Lane 1's second Harton id was not re-opened. Same display name risk.,not re-opened unless the note names a page,see unresolved fields,unknown,low,Lane 1's second Harton id was not re-opened. Same display name risk.,How the subtitle is localized.
husk-of-elder-pannion,The Husk of Elder Pannion,campaign_boss,see fact-check note,Not the Husk of Elder Gaspar. Page not re-opened.,not re-opened unless the note names a page,see unresolved fields,unknown,low,Not the Husk of Elder Gaspar. Page not re-opened.,none beyond the name split
yulias-husk,Yulia's Husk,quest_miniboss,see fact-check note,Fall of the Empire quest 1 miniboss in lane 1. Not re-opened. Not the timeline boss.,not re-opened unless the note names a page,see unresolved fields,unknown,medium,Fall of the Empire quest 1 miniboss in lane 1. Not re-opened. Not the timeline boss.,none
the-observer,The Observer,campaign_boss,see fact-check note,Campaign boss in lane 1. Not re-opened.,not re-opened unless the note names a page,see unresolved fields,unknown,medium,Campaign boss in lane 1. Not re-opened.,Tentacle add not profiled.
shade-of-orobyss,Shade of Orobyss,shade,see fact-check note,Not a timeline Harbinger. Support article not re-read (Cloudflare). Tunklab echo page not re-opened.,not re-opened unless the note names a page,see unresolved fields,unknown,low,Not a timeline Harbinger. Support article not re-read (Cloudflare). Tunklab echo page not re-opened.,Killer can be an add. Support page predates Season 5.
aberroth-invisible-add,Aberroth,proxy,see fact-check note,Lane 1 says an invisible add reuses the display name Aberroth. That page was not re-opened.,not re-opened unless the note names a page,see unresolved fields,unknown,low,Lane 1 says an invisible add reuses the display name Aberroth. That page was not re-opened.,Whether the death report uses the name.
soul-vessel,Soul Vessel,add,see fact-check note,Lane 1 says Soul Vessels grant Abomination invulnerability. Page not re-opened. Do not match the boss alias.,not re-opened unless the note names a page,see unresolved fields,unknown,low,Lane 1 says Soul Vessels grant Abomination invulnerability. Page not re-opened. Do not match the boss alias.,Damage unknown.
son-of-artor,Son of Artor,add,see fact-check note,Heorot add in lane 1. Not re-opened.,not re-opened unless the note names a page,see unresolved fields,unknown,medium,Heorot add in lane 1. Not re-opened.,none
spirit-of-grael,Spirit of Grael,add,see fact-check note,Heorot add in lane 1. Not re-opened.,not re-opened unless the note names a page,see unresolved fields,unknown,medium,Heorot add in lane 1. Not re-opened.,none
