encounter_id,display_name,kind,variants,parent_or_followup,location,availability,source_urls,source_date_or_version,damage_research_status,identity_confidence,unresolved_fields
harbinger-defilement,Harbinger of Defilement,harbinger,normal timeline spawn; empowered timeline spawn. Same actor.,"follows Abomination. Inherited moves claimed in patch 1.1, list not re-verified.","Fall of the Outcasts boss arena, after the timeline boss dies",Harbinger Crest on. First Harbinger gates Empowered timelines. Later ones use a corruption minimum shown in the Forgotten Knights panel. Exact minimum unknown.,https://lastepoch.tunklab.com/npc/BruteHarbinger-Abomination https://forum.lastepoch.com/t/harbingers-of-ruin-whats-new/71684,"Tunklab 1.5 preview, sitemap lastmod 2026-09-30; spawn rule from 2024-06-25 blog and 2026-02 support, not restated as a full rule in 1.5",unverified,high,corruption minimum; which absorbed abilities remain in 1.5.1
harbinger-pride,Harbinger of Pride,harbinger,normal timeline spawn; empowered timeline spawn. Same actor.,"follows God Hunter Argentus. Inherited moves claimed in patch 1.1, list not re-verified.","The Stolen Lance boss arena, after the timeline boss dies",Harbinger Crest on. First Harbinger gates Empowered timelines. Later ones use a corruption minimum shown in the Forgotten Knights panel. Exact minimum unknown.,https://lastepoch.tunklab.com/npc/AgileHarbinger-Argentus https://forum.lastepoch.com/t/harbingers-of-ruin-whats-new/71684,"Tunklab 1.5 preview, sitemap lastmod 2026-09-30; spawn rule from 2024-06-25 blog and 2026-02 support, not restated as a full rule in 1.5",unverified,high,corruption minimum; which absorbed abilities remain in 1.5.1. The 1.5 Agile Harbinger fire laser is not assigned to this Harbinger.
harbinger-hatred,Harbinger of Hatred,harbinger,normal timeline spawn; empowered timeline spawn. Same actor.,"follows Rahyeh, The Black Sun. Inherited moves claimed in patch 1.1, list not re-verified.","The Black Sun boss arena, after the timeline boss dies",Harbinger Crest on. First Harbinger gates Empowered timelines. Later ones use a corruption minimum shown in the Forgotten Knights panel. Exact minimum unknown.,https://lastepoch.tunklab.com/npc/BruteHarbinger-VoidRahyeh https://forum.lastepoch.com/t/harbingers-of-ruin-whats-new/71684,"Tunklab 1.5 preview, sitemap lastmod 2026-09-30; spawn rule from 2024-06-25 blog and 2026-02 support, not restated as a full rule in 1.5",unverified,high,corruption minimum; which absorbed abilities remain in 1.5.1
harbinger-war,Harbinger of War,harbinger,normal timeline spawn; empowered timeline spawn. Same actor.,"follows Frost Lich Formosus. Inherited moves claimed in patch 1.1, list not re-verified.","Blood, Frost, and Death boss arena, after the timeline boss dies",Harbinger Crest on. First Harbinger gates Empowered timelines. Later ones use a corruption minimum shown in the Forgotten Knights panel. Exact minimum unknown.,https://lastepoch.tunklab.com/npc/AgileHarbinger-FrostLich https://forum.lastepoch.com/t/harbingers-of-ruin-whats-new/71684,"Tunklab 1.5 preview, sitemap lastmod 2026-09-30; spawn rule from 2024-06-25 blog and 2026-02 support, not restated as a full rule in 1.5",unverified,high,corruption minimum; which absorbed abilities remain in 1.5.1. The 1.5 Agile Harbinger fire laser is not assigned to this Harbinger.
harbinger-chaos,Harbinger of Chaos,harbinger,normal timeline spawn; empowered timeline spawn. Same actor.,"follows Lagon, God of Storms. Inherited moves claimed in patch 1.1, list not re-verified.","Ending the Storm boss arena, after the timeline boss dies",Harbinger Crest on. First Harbinger gates Empowered timelines. Later ones use a corruption minimum shown in the Forgotten Knights panel. Exact minimum unknown.,https://lastepoch.tunklab.com/npc/AgileHarbinger-Lagon https://forum.lastepoch.com/t/harbingers-of-ruin-whats-new/71684,"Tunklab 1.5 preview, sitemap lastmod 2026-09-30; spawn rule from 2024-06-25 blog and 2026-02 support, not restated as a full rule in 1.5",unverified,high,corruption minimum; which absorbed abilities remain in 1.5.1. The 1.5 Agile Harbinger fire laser is not assigned to this Harbinger.
harbinger-treason,Harbinger of Treason,harbinger,normal timeline spawn; empowered timeline spawn. Same actor.,"follows Harton's Husk. Inherited moves claimed in patch 1.1, list not re-verified.","Fall of the Empire boss arena, after the timeline boss dies",Harbinger Crest on. First Harbinger gates Empowered timelines. Later ones use a corruption minimum shown in the Forgotten Knights panel. Exact minimum unknown.,https://lastepoch.tunklab.com/npc/AgileHarbinger-VoidHarton https://forum.lastepoch.com/t/harbingers-of-ruin-whats-new/71684,"Tunklab 1.5 preview, sitemap lastmod 2026-09-30; spawn rule from 2024-06-25 blog and 2026-02 support, not restated as a full rule in 1.5",unverified,high,corruption minimum; which absorbed abilities remain in 1.5.1. The 1.5 Agile Harbinger fire laser is not assigned to this Harbinger.
harbinger-destruction,Harbinger of Destruction,harbinger,normal timeline spawn; empowered timeline spawn. Same actor.,"follows Emperor of Corpses. Inherited moves claimed in patch 1.1, list not re-verified.","Reign of Dragons boss arena, after the timeline boss dies",Harbinger Crest on. First Harbinger gates Empowered timelines. Later ones use a corruption minimum shown in the Forgotten Knights panel. Exact minimum unknown.,https://lastepoch.tunklab.com/npc/BruteHarbinger-UndeadDragon https://forum.lastepoch.com/t/harbingers-of-ruin-whats-new/71684,"Tunklab 1.5 preview, sitemap lastmod 2026-09-30; spawn rule from 2024-06-25 blog and 2026-02 support, not restated as a full rule in 1.5",unverified,high,corruption minimum; which absorbed abilities remain in 1.5.1
harbinger-fear,Harbinger of Fear,harbinger,normal timeline spawn; empowered timeline spawn. Same actor.,"follows The Husk of Elder Gaspar. Inherited moves claimed in patch 1.1, list not re-verified.","The Last Ruin boss arena, after the timeline boss dies",Harbinger Crest on. First Harbinger gates Empowered timelines. Later ones use a corruption minimum shown in the Forgotten Knights panel. Exact minimum unknown.,https://lastepoch.tunklab.com/npc/AgileHarbinger-Gaspar https://forum.lastepoch.com/t/harbingers-of-ruin-whats-new/71684,"Tunklab 1.5 preview, sitemap lastmod 2026-09-30; spawn rule from 2024-06-25 blog and 2026-02 support, not restated as a full rule in 1.5",unverified,high,corruption minimum; which absorbed abilities remain in 1.5.1. The 1.5 Agile Harbinger fire laser is not assigned to this Harbinger.
harbinger-tyranny,Harbinger of Tyranny,harbinger,normal timeline spawn; empowered timeline spawn. Same actor.,"follows Heorot. Inherited moves claimed in patch 1.1, list not re-verified.","The Age of Winter boss arena, after the timeline boss dies",Harbinger Crest on. First Harbinger gates Empowered timelines. Later ones use a corruption minimum shown in the Forgotten Knights panel. Exact minimum unknown.,https://lastepoch.tunklab.com/npc/BruteHarbinger-Heorot https://forum.lastepoch.com/t/harbingers-of-ruin-whats-new/71684,"Tunklab 1.5 preview, sitemap lastmod 2026-09-30; spawn rule from 2024-06-25 blog and 2026-02 support, not restated as a full rule in 1.5",unverified,high,corruption minimum; which absorbed abilities remain in 1.5.1
harbinger-ash,Harbinger of Ash,harbinger,normal timeline spawn; empowered timeline spawn. Same actor.,"follows Volcanic Shaman. Inherited moves claimed in patch 1.1, list not re-verified.","Spirits of Fire boss arena, after the timeline boss dies",Harbinger Crest on. First Harbinger gates Empowered timelines. Later ones use a corruption minimum shown in the Forgotten Knights panel. Exact minimum unknown.,https://lastepoch.tunklab.com/npc/BruteHarbinger-FireShamans https://forum.lastepoch.com/t/harbingers-of-ruin-whats-new/71684,"Tunklab 1.5 preview, sitemap lastmod 2026-09-30; spawn rule from 2024-06-25 blog and 2026-02 support, not restated as a full rule in 1.5",unverified,high,corruption minimum; which absorbed abilities remain in 1.5.1
abomination,Abomination,timeline_boss,normal area 62; empowered area 100,followed by Harbinger of Defilement,"The Altar of Flesh, Fall of the Outcasts","Quest 3. Stability 240 normal, 800 empowered.",https://lastepoch.tunklab.com/npc/AbominationBoss,"Tunklab 1.5 preview, sitemap lastmod 2026-09-30; 1.5 notes do not restate this pairing",unverified,high,Soul Vessel can be the killer while Abomination is invulnerable. Damage unknown.
god-hunter-argentus,God Hunter Argentus,timeline_boss,normal area 66; empowered area 100,followed by Harbinger of Pride,"Argentum Spire, The Stolen Lance","Quest 3. Stability 250 normal, 800 empowered.",https://lastepoch.tunklab.com/npc/OsprixHeorotSpearBossEmerging,"Tunklab 1.5 preview, sitemap lastmod 2026-09-30; 1.5 notes do not restate this pairing",unverified,high,Internal id contains Heorot. Do not merge with Heorot.
rahyeh-the-black-sun,"Rahyeh, The Black Sun",timeline_boss,normal area 70; empowered area 100,followed by Harbinger of Hatred,"The Ruins of Solarum, The Black Sun","Quest 3. Stability 250 normal, 800 empowered.",https://lastepoch.tunklab.com/npc/VoidRahyeh,"Tunklab 1.5 preview, sitemap lastmod 2026-09-30; 1.5 notes do not restate this pairing",unverified,high,Not Harbinger of Hatred. Campaign Rahyeh boss actor not located.
frost-lich-formosus,Frost Lich Formosus,timeline_boss,normal area 74; empowered area 100; custom name Formosus the Undying,followed by Harbinger of War,"The Lair of Formosus, Blood, Frost, and Death","Quest 3. Stability 300 normal, 800 empowered.",https://lastepoch.tunklab.com/npc/FrostLich,"Tunklab 1.5 preview, sitemap lastmod 2026-09-30; 1.5 notes do not restate this pairing",unverified,high,One actor with two names. Not a second boss.
lagon-monolith,"Lagon, God of Storms",timeline_boss,normal area 78; empowered area 100,followed by Harbinger of Chaos; distinct from campaign LagonBoss,"Eye of the Storm, Ending the Storm","Quest 3. Stability 320 normal, 850 empowered.",https://lastepoch.tunklab.com/npc/LagonBossMonolith,"Tunklab 1.5 preview, sitemap lastmod 2026-09-30; 1.5 notes do not restate this pairing",unverified,medium,Same display name as the campaign actor. Tentacle proxy may share it. Catalog alias Lagon will not match.
hartons-husk,Harton's Husk,timeline_boss,normal area 82; empowered area 100,followed by Harbinger of Treason,"Dreadnought's Wreckage, Fall of the Empire","Quest 3. Stability 320 normal, 850 empowered. Description: Prophet of the Abyssal Sea.",https://lastepoch.tunklab.com/npc/VoidHarton,"Tunklab 1.5 preview, sitemap lastmod 2026-09-30; 1.5 notes do not restate this pairing",unverified,high,Not Admiral Harton.
emperor-of-corpses,Emperor of Corpses,timeline_boss,normal area 85; empowered area 100,followed by Harbinger of Destruction,"The Rotting Hoard, Reign of Dragons","Quest 3. Stability 400 normal, 850 empowered. Monolith only.",https://lastepoch.tunklab.com/npc/UndeadDragonBoss https://www.lastepoch.com/1-5/patchnotes,"Tunklab 1.5 preview, sitemap lastmod 2026-09-30; 1.5 notes do not restate this pairing ; explosion indicator bugfix in 1.5 notes",unverified,high,Not Emperor's Remains.
husk-of-elder-gaspar,The Husk of Elder Gaspar,timeline_boss,normal area 90; empowered area 100,followed by Harbinger of Fear,"The Chambers of Ruin, The Last Ruin","Quest 3. Stability 400 normal, 900 empowered.",https://lastepoch.tunklab.com/npc/GasparHuskBoss,"Tunklab 1.5 preview, sitemap lastmod 2026-09-30; 1.5 notes do not restate this pairing",unverified,high,Not the Husk of Elder Pannion.
heorot-monolith,Heorot,timeline_boss,normal area 90; empowered area 100,followed by Harbinger of Tyranny,"The Frozen Citadel, The Age of Winter","Quest 3. Stability 400 normal, 900 empowered.",https://lastepoch.tunklab.com/npc/HeorotBoss https://www.lastepoch.com/1-5/patchnotes,"Tunklab 1.5 preview, sitemap lastmod 2026-09-30; 1.5 notes do not restate this pairing ; 1.5 replaces Heorot lance visuals",unverified,high,Datamined description says Cannot be Frozen. Not a 1.5 developer confirmation. Campaign Heorot boss id not located.
volcanic-shaman,Volcanic Shaman,timeline_boss,"normal area 90; empowered area 100; custom names Bhuldar, Herkir, Logi",followed by Harbinger of Ash,"The Caldera of Souls, Spirits of Fire","Quest 3. Stability 400 normal, 900 empowered.",https://lastepoch.tunklab.com/npc/ShamansBoss,"Tunklab 1.5 preview, sitemap lastmod 2026-09-30; 1.5 notes do not restate this pairing",unverified,medium,Three named members of one encounter. Private kits unknown.
shade-of-orobyss,Shade of Orobyss,shade,echo Shade; Confluence of Oblivion five-shade woven echo,not a timeline Harbinger,Echo of a World; Confluence of Oblivion,Farther from timeline center. Confluence minimum corruption 100.,https://lastepoch.tunklab.com/npc/ShadeofOrobyssBoss https://lastepoch.tunklab.com/echo/confluence_of_oblivion https://support.lastepoch.com/hc/en-us/articles/46361874426523-Shade-of-Orobyss-and-Corruption,Tunklab 1.5 preview 2026-09-30; support updated 2026-07-13,unverified,high,"Tentacle, blood effigy, and sentient cube can be the killer. Support page predates Season 5."
aberroth,Aberroth,pinnacle,"five health phases; normal altar fight, not the uber actor",after all 10 timeline Harbingers in the 1.1 design,Altar of Orobyss in the extract. 2024 blog says the altar and the Harbinger's Domain.,"Harbinger Eye at the altar after the 10 Harbingers, per 2024-06-25 blog. 1.5 does not restate the gate.",https://lastepoch.tunklab.com/npc/Aterroth https://forum.lastepoch.com/t/harbingers-of-ruin-whats-new/71684,Tunklab 1.5 preview 2026-09-30; design blog 2024-06-25,unverified,medium,Player-facing zone name. Whether the 10-Harbinger gate survived unchanged. Invisible add uses this display name.
herald-of-oblivion,Herald of Oblivion,pinnacle,Uber Aberroth subtitle in Tunklab. Objective text says Defeat Aberroth.,Threshold of Eternity. Defended by Harbinger of Regret at phase 2 and Harbinger of Denial at phase 4.,Threshold of Eternity,"Woven echo, minimum corruption 500, not purchasable, not reweavable.",https://lastepoch.tunklab.com/npc/UberAterroth https://lastepoch.tunklab.com/echo/threshold_of_eternity https://forum.lastepoch.com/t/rage-of-morditas-coming-to-last-epoch-october-1/81757,Tunklab 1.5 preview 2026-09-30; EHG still names Uber Aberroth on 2026-09-21,unverified,low,Localized nameplate: Herald of Oblivion versus Aberroth. Uber invisible-add display name not opened.
harbinger-cruelty,Harbinger of Cruelty,harbinger_add,pre-Aberroth agile actor,"Aberroth altar fight, not a timeline",Altar of Orobyss,Present on the altar actor list. Monolith spawn flag is false.,https://lastepoch.tunklab.com/npc/AgileHarbinger-pre-Aberroth,"Tunklab 1.5 preview, sitemap lastmod 2026-09-30",unverified,medium,Spawn flag conflicts with the zone. Exact phase unknown.
harbinger-brutality,Harbinger of Brutality,harbinger_add,pre-Aberroth brute actor,"Aberroth altar fight, not a timeline",Altar of Orobyss,Present on the altar actor list. Monolith spawn flag is false.,https://lastepoch.tunklab.com/npc/BruteHarbinger-pre-Aberroth,"Tunklab 1.5 preview, sitemap lastmod 2026-09-30",unverified,medium,Spawn flag conflicts with the zone. Exact phase unknown.
harbinger-regret,Harbinger of Regret,harbinger_add,"uber add, phase 2","makes Herald of Oblivion immune while this add is up, per the extract",Threshold of Eternity,Inside the 500 corruption uber echo.,https://lastepoch.tunklab.com/npc/AgileHarbinger-UberAberroth,"Tunklab 1.5 preview, sitemap lastmod 2026-09-30",unverified,high,Not one of the ten timeline Harbingers.
harbinger-denial,Harbinger of Denial,harbinger_add,"uber add, phase 4","makes Herald of Oblivion immune while this add is up, per the extract",Threshold of Eternity,Inside the 500 corruption uber echo.,https://lastepoch.tunklab.com/npc/BruteHarbinger-UberAberroth,"Tunklab 1.5 preview, sitemap lastmod 2026-09-30",unverified,high,Not one of the ten timeline Harbingers.
aberroth-invisible-add,Aberroth,proxy,invisible add summoned by Aberroth,parent Aberroth,Altar of Orobyss,During the altar Aberroth fight.,https://lastepoch.tunklab.com/npc/AterrothsInvisibleFriend,"Tunklab 1.5 preview, sitemap lastmod 2026-09-30",unverified,low,Display name collides with Aberroth. Whether the death report uses that name is unknown.
chronomancer-julra,Chronomancer Julra,dungeon_boss,"tiers at area 55, 80, 95, 100",Temporal Sanctum only,The Sanctum Archive,Dungeon key. Tier 1 unlocked first. Higher tiers after the previous tier.,https://lastepoch.tunklab.com/dungeon/temporal_sanctum https://lastepoch.tunklab.com/npc/VoidNagasaBoss https://www.lastepoch.com/1-5/patchnotes,Tunklab 1.5 preview 2026-09-30; Julra teleport bugfix in 1.5 notes,datamined_type_set_void_cold_lightning,high,Coverage set is not an attack map. Internal id is not evidence. Pillar actors omitted.
mountain-beneath,The Mountain Beneath,dungeon_boss,"tiers at area 20, 65, 88, 100",Lightless Arbor. Heart is the other boss actor.,Titan's Hollow and Titan's Rest,Dungeon key and tier unlocks. Record has 100 percent less damage taken.,https://lastepoch.tunklab.com/dungeon/lightless_arbor https://lastepoch.tunklab.com/npc/StoneTitanBoss,"Tunklab 1.5 preview, sitemap lastmod 2026-09-30",datamined_type_set_physical_poison,high,Body may not be the killer. Roots and barricades omitted.
stone-titans-heart,Stone Titan's Heart,dungeon_boss,same Lightless Arbor tiers,phase or damageable body of The Mountain Beneath. Separate actor.,Titan's Rest,Same dungeon run as The Mountain Beneath.,https://lastepoch.tunklab.com/npc/StoneTitanHeartBoss https://www.lastepoch.com/1-5/patchnotes,Tunklab 1.5 preview 2026-09-30; 1.5 heart spawn bugfix,unverified,high,No Damage Types field on the heart page.
fire-lich-cremorus,Fire Lich Cremorus,dungeon_boss,"tiers at area 45, 75, 92, 100",Soulfire Bastion. Description Immolator of Souls.,The Soul Furnace,Dungeon key and tier unlocks.,https://lastepoch.tunklab.com/dungeon/soulfire_bastion https://lastepoch.tunklab.com/npc/FireLichBoss,"Tunklab 1.5 preview, sitemap lastmod 2026-09-30",datamined_type_set_fire_necrotic,high,Coverage set is not an attack map. Minions omitted.
lagon-campaign,"Lagon, God of Storms",campaign_boss,campaign actor only,"same display name as monolith Lagon, different id LagonBoss",Seafloor Colosseum,Campaign.,https://lastepoch.tunklab.com/npc/LagonBoss,"Tunklab 1.5 preview, sitemap lastmod 2026-09-30",unverified,medium,Killer string collision with monolith Lagon and with one tentacle actor.
lagons-tentacle,Lagon's Tentacle,proxy,campaign and monolith Lagon arenas,"add of Lagon, not a boss profile","Temple of Lagon, Temple Depths, Seafloor Colosseum, Eye of the Storm",During Lagon fights.,https://lastepoch.tunklab.com/npc/LagonTentacleEnemy,"Tunklab 1.5 preview, sitemap lastmod 2026-09-30",unverified,high,A second tentacle id reuses the boss display name.
majasa-phase-1,Majasa,campaign_boss,"phase 1, description Goddess of Opulence",summons phase 2,The Chamber of Vessels,Campaign. 1.5 still has a Majasa quest reward change.,https://lastepoch.tunklab.com/npc/Majasa https://www.lastepoch.com/1-5/patchnotes,"Tunklab 1.5 preview, sitemap lastmod 2026-09-30 ; quest mentioned in 1.5 notes",unverified,high,"Display name Majasa, not the description title."
majasa-phase-2,Majasa,campaign_boss,"phase 2, description Goddess of Avarice",summoned by Majasa phase 1,The Chamber of Vessels,"Campaign, after phase 1.",https://lastepoch.tunklab.com/npc/MajasaBossPhase2,"Tunklab 1.5 preview, sitemap lastmod 2026-09-30",unverified,high,Same display name as phase 1.
goddess-of-the-sands,Goddess of the Sands,woven_boss,endgame Majasa phase 1,Tomb of Vessels. Objective text says Slay Majasa.,Tomb of Vessels,"Woven echo, minimum corruption 300.",https://lastepoch.tunklab.com/npc/MajasaEndgamePhase1 https://lastepoch.tunklab.com/echo/tomb_of_vessels,"Tunklab 1.5 preview, sitemap lastmod 2026-09-30",unverified,medium,Not campaign Majasa. Killer string may be Majasa or this name.
goddess-of-blood,Goddess of Blood,woven_boss,endgame Majasa phase 2,summoned by Goddess of the Sands,Tomb of Vessels,Same echo as Goddess of the Sands.,https://lastepoch.tunklab.com/npc/MajasaEndgamePhase2,"Tunklab 1.5 preview, sitemap lastmod 2026-09-30",unverified,medium,Not campaign phase 2.
emperors-remains,Emperor's Remains,campaign_boss,also an echo boss on three void timelines,not Emperor of Corpses. Description Void Puppet.,The End of Ruin,"Campaign, and those echoes. 1.5 updates the model.",https://lastepoch.tunklab.com/npc/EmperorsRemains https://www.lastepoch.com/1-5/patchnotes,"Tunklab 1.5 preview, sitemap lastmod 2026-09-30 ; model update in 1.5 notes",unverified,high,none
admiral-harton,Admiral Harton,campaign_boss,also an echo boss on several timelines,not Harton's Husk,The Dreadnought's Deck,Campaign and those echoes. 1.5 fixes bark range.,https://lastepoch.tunklab.com/npc/AdmiralHarton https://www.lastepoch.com/1-5/patchnotes,"Tunklab 1.5 preview, sitemap lastmod 2026-09-30 ; bark bugfix in 1.5 notes",unverified,high,Second summit actor shares the title.
admiral-harton-summit,Admiral Harton,campaign_boss,The Immortal Summit subtitle,distinct id E90AdmiralHarton,The Immortal Citadel,Campaign only in the extract.,https://lastepoch.tunklab.com/npc/E90AdmiralHarton,"Tunklab 1.5 preview, sitemap lastmod 2026-09-30",unverified,medium,How the subtitle is localized.
husk-of-elder-pannion,The Husk of Elder Pannion,campaign_boss,also an echo boss on three timelines,not Gaspar,The Lower District,Campaign and those echoes. 1.5 updates ability visuals.,https://lastepoch.tunklab.com/npc/ElderPannionHusk https://www.lastepoch.com/1-5/patchnotes,"Tunklab 1.5 preview, sitemap lastmod 2026-09-30 ; visual update in 1.5 notes",unverified,high,none
yulias-husk,Yulia's Husk,quest_miniboss,Fall of the Empire quest 1,not the timeline boss,Voidscarred Necropolis,During that quest echo.,https://lastepoch.tunklab.com/npc/ElderPannionHuskMonolith,"Tunklab 1.5 preview, sitemap lastmod 2026-09-30",unverified,high,none
the-observer,The Observer,campaign_boss,campaign only in the extract,1.5 still changes the Observer quest reward,The Observer's Prison,Campaign.,https://lastepoch.tunklab.com/npc/Observer https://www.lastepoch.com/1-5/patchnotes,"Tunklab 1.5 preview, sitemap lastmod 2026-09-30 ; quest mentioned in 1.5 notes",unverified,high,Tentacle add id exists and was not profiled.
yrun-frostroot,Yrun,campaign_boss,description The Frostroot Warden; also a monolith echo boss on five timelines,"not Yrun, Champion of Morditas",The Tomb of Morditas,"Campaign quest The Lance of Heorot, and those echo spawns.",https://lastepoch.tunklab.com/npc/YrunBoss,"Tunklab 1.5 preview, sitemap lastmod 2026-09-30",unverified,high,Shared moves with the seasonal champion are unverified.
yrun-champion-of-morditas,"Yrun, Champion of Morditas",seasonal_boss,Blood of Farwood woven echo,"seasonal variant of the warden, separate actor","WE538, Blood of Farwood",Unlocked at 2000 Rage of Morditas kills in the extract.,https://lastepoch.tunklab.com/npc/YrunBossEndgame https://lastepoch.tunklab.com/echo/blood_of_farwood https://forum.lastepoch.com/t/last-epoch-patch-1-5-1-notes/81911,Tunklab 1.5 preview 2026-09-30; named in 1.5.1 notes 2026-10-02,unverified,high,Anger scaling details unknown. Tags are not a damage table.
morditas,Morditas,seasonal_boss,Circle of Frozen Blood. Description Demigod of Bloodshed.,parent of God of Bloodshed echo drop,"WE536, Circle of Frozen Blood",Unlocked at 4000 kills in the extract. Anger raises difficulty.,https://lastepoch.tunklab.com/npc/MorditasBoss https://lastepoch.tunklab.com/echo/circle_of_frozen_blood https://forum.lastepoch.com/t/rage-of-morditas-coming-to-last-epoch-october-1/81757,EHG 2026-09-21; Tunklab 1.5 preview 2026-09-30,unverified,high,"Familiar foes in the hype post are specified by the extract as Wengari waves and Yrun, not as extra unnamed bosses."
god-of-bloodshed,God of Bloodshed,pinnacle,Pinnacle Morditas. EHG calls it a harder Morditas.,follows a Circle of Frozen Blood kill via Demigod's Ascendance,"WE537, Demigod's Ascendance",Minimum corruption 400. Does not scale with corruption. Legacy and Offline enabled in 1.5.1.,https://lastepoch.tunklab.com/npc/MorditasBossPinnacle https://forum.lastepoch.com/t/rage-of-morditas-coming-to-last-epoch-october-1/81757 https://forum.lastepoch.com/t/last-epoch-patch-1-5-1-notes/81911,EHG 2026-09-21; availability change 2026-10-02,datamined_bleed_and_frostbite_chance_only,medium,Do not merge with Morditas. Ailment chances are not a damage table.
shade-of-morditas,Shade of Morditas,event_actor,non-corporeal follower,"Rage of Morditas random encounter, not the boss chain","Campaign from Chapter 2 and echoes, at a Blood Crystal",Starts when the crystal is used. Not a bestiary boss in the pages opened.,https://www.lastepoch.com/1-5/patchnotes,"1.5 notes, announced 2026-09-25, launch 2026-10-01",unknown_if_it_can_kill,low,No actor page. Killing-blow capability unknown.
site-of-carnage,Site of Carnage,seasonal_wave,Wengari wave echo,"first Morditas-chain echo, no single boss",Site of Carnage,750 kills in the extract.,https://lastepoch.tunklab.com/echo/site_of_carnage https://www.lastepoch.com/1-5/patchnotes,Tunklab 1.5 preview 2026-09-30; chain described 2026-09-21,unverified,high,Miniboss nameplates can be the killer.
soul-vessel,Soul Vessel,add,Abomination fight,grants Abomination invulnerability,The Altar of Flesh,During the Fall of the Outcasts boss.,https://lastepoch.tunklab.com/npc/SoulGeneratorsinAbominationBossFight,"Tunklab 1.5 preview, sitemap lastmod 2026-09-30",unverified,high,Difficulty field says Boss. It is an add.
son-of-artor,Son of Artor,add,summoned by monolith Heorot,Heorot add,The Frozen Citadel,During the Age of Winter boss.,https://lastepoch.tunklab.com/npc/FrozenWolfforHeorotBossfight,"Tunklab 1.5 preview, sitemap lastmod 2026-09-30",unverified,high,none
spirit-of-grael,Spirit of Grael,add,summoned by monolith Heorot,"Heorot add, miniboss difficulty",The Frozen Citadel,During the Age of Winter boss.,https://lastepoch.tunklab.com/npc/GraelSpiritforHeorotBossfight,"Tunklab 1.5 preview, sitemap lastmod 2026-09-30",unverified,high,none
